id,conversation_id,type,content,metadata,timestamp
02548fd9-60b3-4057-baec-15876ba728fc,549cc559-c247-4bc9-af5a-ba562215835d,tool_call,Successfully executed create_deal,"""{\""toolName\"":\""create_deal\"",\""parameters\"":{},\""result\"":\""✅ Deal created successfully!\\n\\n**Deal Details:**\\n- Name: New Deal\\n- Amount: No amount\\n- Contact: No contact\\n- Organization: No organization\\n- Expected Close: Not set\\n- Created: 6/1/2025\\n- Deal ID: 0c0cf425-e50a-461c-b0a3-e83400fcb296\\n\\nThe deal has been added to your pipeline and is ready for further customization.\"",\""reasoning\"":\""Creating new deal for ESR Consulting\""}""",2025-06-01 09:23:03.551399+00
106606cc-378d-4fbd-a663-8597775bf11f,1cff31b1-d8bc-4f91-bc21-bf08f55168e8,tool_call,Successfully executed create_deal,"""{\""toolName\"":\""create_deal\"",\""parameters\"":{\""name\"":\""Consulting AI\"",\""amount\"":25000},\""result\"":\""✅ Deal created successfully!\\n\\n**Deal Details:**\\n- Name: Consulting AI\\n- Amount: $25,000\\n- Contact: No contact\\n- Organization: No organization\\n- Expected Close: Not set\\n- Created: 6/1/2025\\n- Deal ID: a58c7c4a-1a48-4467-bd54-c4e3b53a972d\\n\\nThe deal has been added to your pipeline and is ready for further customization.\"",\""reasoning\"":\""Using create_deal tool\""}""",2025-06-01 09:59:57.050032+00
18c5cbc4-9bf7-4514-b537-6a08d0bec3b4,1e1e31c8-bb98-4eb3-ae66-6a28b975535f,reasoning,"I'll help create a new deal for AAA Enterprise with a value of $18,000. Since we have some context about the organization from the previous deal, I'll use that information while creating the new deal.","""{\""confidence\"":0.8,\""reasoning\"":\""AI reasoning process\""}""",2025-06-01 08:38:59.284501+00
27dab1f4-1b9a-4d3a-9153-65c6019e2074,1e1e31c8-bb98-4eb3-ae66-6a28b975535f,reasoning,"1. User wants to know the total number of deals in the system
2. I should use the search_deals tool to get a complete count
3. No specific filters needed - want total count across all deals
4. Will analyze the results to provide context","""{\""confidence\"":0.8,\""reasoning\"":\""AI reasoning process\""}""",2025-06-01 08:38:08.40578+00
33c27c64-a1a2-4f94-bcea-63fc75d4991b,1b591baa-937c-44d0-ab1a-60cd1a347689,reasoning,"1. User wants to create a basic deal with minimal information
2. The only specific detail provided is the deal value: $18,000
3. We should create a basic deal structure with default/placeholder values where needed
4. This will allow the user to edit and fill in details later","""{\""confidence\"":0.8,\""reasoning\"":\""AI reasoning process\""}""",2025-06-01 08:40:57.842457+00
387d8865-33ba-4b96-b280-4152cc1c1d7f,eab5c0f9-af3e-40f1-a9ba-3c0684a4d716,observation,Tool execution failed: parameters,"""{\""toolName\"":\""parameters\"",\""parameters\"":{},\""error\"":\""Authentication required - please log in\"",\""reasoning\"":\""{\""}""",2025-06-01 08:34:37.445475+00
400c81aa-cf1f-4073-a702-a8b0e8cb4bfb,1b591baa-937c-44d0-ab1a-60cd1a347689,tool_call,Successfully executed search_deals,"""{\""toolName\"":\""search_deals\"",\""parameters\"":{},\""result\"":\""Found 1 deals\\n\\n• AAA AI Consulting - $15,000\\n  Contact: Anton Antonov at AAA Enterprise\\n  Assigned to: Unassigned\\n  Expected Close: 2025-07-15\\n  Updated: 6/1/2025\"",\""reasoning\"":\""To retrieve current deals in the system\""}""",2025-06-01 08:41:36.491261+00
54ca2f74-6db9-43a8-a139-d62379c41c7e,549cc559-c247-4bc9-af5a-ba562215835d,tool_call,Successfully executed create_deal,"""{\""toolName\"":\""create_deal\"",\""parameters\"":{},\""result\"":\""✅ Deal created successfully!\\n\\n**Deal Details:**\\n- Name: New Deal\\n- Amount: No amount\\n- Contact: No contact\\n- Organization: No organization\\n- Expected Close: Not set\\n- Created: 6/1/2025\\n- Deal ID: 8670ef96-3b2f-4140-855e-a04781be262e\\n\\nThe deal has been added to your pipeline and is ready for further customization.\"",\""reasoning\"":\""Create a new deal with specified name and amount\""}""",2025-06-01 09:23:45.000173+00
573d44c9-3559-4e8a-8d87-bc5a77d32d07,872a486b-2a57-452f-84bd-4aa7476edf90,reasoning,"1. The user wants to create a new deal but hasn't provided any specific details
2. To create a deal, we need at minimum:
   - Deal name
   - Deal amount
3. Additional helpful information could include:
   - Expected close date
   - Deal stage
   - Associated contacts
4. We should ask for these essential details before proceeding","""{\""confidence\"":0.8,\""reasoning\"":\""AI reasoning process\""}""",2025-06-01 09:52:35.56801+00
588fc71f-c257-48a7-acfc-bb5517aa7632,33300a67-af35-48bf-98a7-ac33eb9c909a,tool_call,Successfully executed search_organizations,"""{\""toolName\"":\""search_organizations\"",\""parameters\"":{\""search_term\"":\""\""},\""result\"":\""Found 1 organizations\\n\\n• AAA Enterprise\\n  ID: 5b0b0d57-24f3-456d-8ae1-731f79fa2548 | Created: 6/1/2025\"",\""reasoning\"":\""Using search_organizations tool\""}""",2025-06-01 10:20:48.491437+00
615e4ce0-7268-46d5-a2ab-b534813eb75c,ccee45fc-60c7-4cb1-a22e-46f0af1a9226,reasoning,"1. User wants to know the total number of deals in their PipeCD system
2. We should use the search_deals tool without any filters to get all deals
3. This will give us a comprehensive view of the pipeline
4. We might also want to analyze the pipeline to provide additional context","""{\""confidence\"":0.8,\""reasoning\"":\""AI reasoning process\""}""",2025-06-01 09:04:26.926447+00
6a055efb-881f-4c26-9b10-8daea896f444,872a486b-2a57-452f-84bd-4aa7476edf90,tool_call,Successfully executed create_deal,"""{\""toolName\"":\""create_deal\"",\""parameters\"":{\""amount\"":19000,\""name\"":\""erb consulting\""},\""result\"":\""✅ Deal created successfully!\\n\\n**Deal Details:**\\n- Name: erb consulting\\n- Amount: $19,000\\n- Contact: No contact\\n- Organization: No organization\\n- Expected Close: Not set\\n- Created: 6/1/2025\\n- Deal ID: d6801282-d8c3-40a2-a5b2-6ff4e7e83a42\\n\\nThe deal has been added to your pipeline and is ready for further customization.\"",\""reasoning\"":\""Creating new deal for ERB consulting\""}""",2025-06-01 09:53:00.902236+00
6c6709b1-3586-40a5-a936-f9c3bdaa77ee,14717272-a3ba-4803-bb41-848317e9c224,observation,Tool execution failed: create_deal,"""{\""toolName\"":\""create_deal\"",\""parameters\"":{},\""error\"":\""GraphQL request failed: 400 Bad Request\"",\""reasoning\"":\""Creating basic deal with minimal information\""}""",2025-06-01 08:42:42.366017+00
7b0dad98-ce69-4956-b4f0-4497a24db1e6,eab5c0f9-af3e-40f1-a9ba-3c0684a4d716,observation,Tool execution failed: search_deals,"""{\""toolName\"":\""search_deals\"",\""parameters\"":{},\""error\"":\""Authentication required - please log in\"",\""reasoning\"":\""Get total deal count\""}""",2025-06-01 08:34:37.4296+00
90402d63-c827-49e6-b70d-d49768111d21,ccee45fc-60c7-4cb1-a22e-46f0af1a9226,tool_call,Successfully executed search_deals,"""{\""toolName\"":\""search_deals\"",\""parameters\"":{},\""result\"":\""Found 2 deals\\n\\n• New Deal - No amount\\n  Contact: No contact at No organization\\n  Assigned to: Unassigned\\n  Expected Close: Not set\\n  Updated: 6/1/2025\\n\\n• AAA AI Consulting - $15,000\\n  Contact: Anton Antonov at AAA Enterprise\\n  Assigned to: Unassigned\\n  Expected Close: 2025-07-15\\n  Updated: 6/1/2025\"",\""reasoning\"":\""Get total deal count and overview\""}""",2025-06-01 09:04:26.995857+00
9640e380-703b-421b-993f-6d8d002d988a,ca141044-5834-4707-a9f2-2a415beb9b6f,tool_call,Successfully executed search_deals,"""{\""toolName\"":\""search_deals\"",\""parameters\"":{},\""result\"":\""Found 2 deals\\n\\n• New Deal - No amount\\n  Contact: No contact at No organization\\n  Assigned to: Unassigned\\n  Expected Close: Not set\\n  Updated: 6/1/2025\\n\\n• AAA AI Consulting - $15,000\\n  Contact: Anton Antonov at AAA Enterprise\\n  Assigned to: Unassigned\\n  Expected Close: 2025-07-15\\n  Updated: 6/1/2025\"",\""reasoning\"":\""Get total deal count and basic overview\""}""",2025-06-01 08:57:42.478481+00
96bccdf6-3945-43d2-aa35-f9f86d6144c6,1e1e31c8-bb98-4eb3-ae66-6a28b975535f,tool_call,Successfully executed search_deals,"""{\""toolName\"":\""search_deals\"",\""parameters\"":{},\""result\"":\""Found 1 deals\\n\\n• AAA AI Consulting - $15,000\\n  Contact: Anton Antonov at AAA Enterprise\\n  Assigned to: Unassigned\\n  Expected Close: 2025-07-15\\n  Updated: 6/1/2025\"",\""reasoning\"":\""Get total deal count\""}""",2025-06-01 08:38:08.466482+00
9727db0b-a743-48f5-83a1-6147102fa8e9,1b591baa-937c-44d0-ab1a-60cd1a347689,reasoning,"1. Creating a new deal requires specific information
2. Several key details are missing that would be needed:
   - Deal name/title
   - Deal value/amount
   - Expected close date
   - Associated contact/company
   - Pipeline stage
3. Should ask clarifying questions before proceeding","""{\""confidence\"":0.8,\""reasoning\"":\""AI reasoning process\""}""",2025-06-01 08:40:13.209086+00
9fb0fef7-69e0-4939-a1ef-70444dedd502,14717272-a3ba-4803-bb41-848317e9c224,reasoning,"1. User wants to create a basic deal with just the amount of 18000
2. The create_deal tool requires minimum parameters of name and amount
3. Since no name was provided, I should generate a generic name
4. No other details are needed as user wants to add them later
5. Will use create_deal with minimal required information","""{\""confidence\"":0.8,\""reasoning\"":\""AI reasoning process\""}""",2025-06-01 08:42:42.305628+00
a267cc32-5643-4f1e-8d03-3ea671084f01,549cc559-c247-4bc9-af5a-ba562215835d,reasoning,"1. The user wants to create a new deal but hasn't provided any specific details
2. To create a deal, we need at minimum:
   - Deal name
   - Deal amount
3. Additional helpful information would be:
   - Expected close date
   - Deal stage
   - Associated contacts
4. We should ask for these details before proceeding","""{\""confidence\"":0.8,\""reasoning\"":\""AI reasoning process\""}""",2025-06-01 09:22:19.942202+00
a5d7251e-42cf-4c27-9c46-d8bd73b1c54a,f3e50dac-1f6f-4e14-83ae-eef13d79e1a4,tool_call,Successfully executed analyze_pipeline,"""{\""toolName\"":\""analyze_pipeline\"",\""parameters\"":{},\""result\"":\""# Pipeline Analysis (Last 30 days)\\n\\n**Overall Metrics:**\\n- Total Active Deals: 6\\n- Total Pipeline Value: $59,000\\n- Average Deal Size: $9,833.333\\n\\n**Expected Closes This Month:**\\n- 0 deals expected to close\\n- Total value: $0\\n\\n**All Deals Count: 6**\\n**Recent Activity:** 6 deals updated in the last 30 days\"",\""reasoning\"":\""Using analyze_pipeline tool\""}""",2025-06-01 10:01:03.377913+00
a9f0fe26-ea58-40d6-8968-df3e7d16d1a3,2a66e5b4-bf67-4292-8f56-80987844941e,reasoning,"1. User is requesting information about the total number of deals in PipeCD
2. This requires accessing deal data from the system
3. However, I notice I don't have any active tools or access to the system database
4. Without direct access to the system data, I cannot provide specific numbers
5. Best course of action is to:
   - Explain the limitation
   - Suggest how they can check this information themselves
   - Offer guidance on where to find this data in PipeCD","""{\""confidence\"":0.8,\""reasoning\"":\""AI reasoning process\""}""",2025-06-01 08:26:34.895907+00
adcb5af2-0abc-4522-b723-259034ac85ad,1b591baa-937c-44d0-ab1a-60cd1a347689,reasoning,I'll search through your current deals to provide you with an overview of existing deals in your pipeline.,"""{\""confidence\"":0.8,\""reasoning\"":\""AI reasoning process\""}""",2025-06-01 08:41:36.265359+00
b2103580-f819-48e2-9e8a-cad599cdbf86,ccee45fc-60c7-4cb1-a22e-46f0af1a9226,tool_call,Successfully executed analyze_pipeline,"""{\""toolName\"":\""analyze_pipeline\"",\""parameters\"":{},\""result\"":\""# Pipeline Analysis (Last 30 days)\\n\\n**Overall Metrics:**\\n- Total Active Deals: 2\\n- Total Pipeline Value: $15,000\\n- Average Deal Size: $7,500\\n\\n**Expected Closes This Month:**\\n- 0 deals expected to close\\n- Total value: $0\\n\\n**All Deals Count: 2**\\n**Recent Activity:** 2 deals updated in the last 30 days\"",\""reasoning\"":\""Get recent pipeline metrics\""}""",2025-06-01 09:04:27.02197+00
b3139e71-1277-4b3a-a95c-be1079c79610,c1f113a6-5d89-4a3b-b148-bc60f6f29ea2,reasoning,"1. This is an initial greeting from the user
2. I should introduce myself and explain my role
3. I should set expectations about how I can help with PipeCD
4. I should prompt for specific questions about CRM/pipeline management","""{\""confidence\"":0.8,\""reasoning\"":\""AI reasoning process\""}""",2025-06-01 08:23:48.662882+00
b35a9f54-97e7-492f-ac0a-cb4ff9f2bc9e,ca141044-5834-4707-a9f2-2a415beb9b6f,tool_call,Successfully executed analyze_pipeline,"""{\""toolName\"":\""analyze_pipeline\"",\""parameters\"":{},\""result\"":\""# Pipeline Analysis (Last 30 days)\\n\\n**Overall Metrics:**\\n- Total Active Deals: 2\\n- Total Pipeline Value: $15,000\\n- Average Deal Size: $7,500\\n\\n**Expected Closes This Month:**\\n- 0 deals expected to close\\n- Total value: $0\\n\\n**All Deals Count: 2**\\n**Recent Activity:** 2 deals updated in the last 30 days\"",\""reasoning\"":\""Get current pipeline metrics\""}""",2025-06-01 08:57:42.507811+00
ba00864c-af11-4186-9de4-dafc898fd22c,549cc559-c247-4bc9-af5a-ba562215835d,reasoning,"I apologize for the confusion. You're right - I showed the execution but didn't actually pass the parameters correctly to create the deal with the name ""ESR Consulting"" and amount of 19000. Let me fix this by properly creating the deal with the specified parameters.","""{\""confidence\"":0.8,\""reasoning\"":\""AI reasoning process\""}""",2025-06-01 09:23:44.844037+00
c254bca5-8f35-4b9e-abd8-633cda93f5d8,a45753dc-758c-4d99-98d2-3a73d531a928,tool_call,Successfully executed create_deal,"""{\""toolName\"":\""create_deal\"",\""parameters\"":{\""name\"":\""SW for AAA\"",\""amount\"":23000,\""organization_id\"":\""5b0b0d57-24f3-456d-8ae1-731f79fa2548\""},\""result\"":\""✅ Deal created successfully!\\n\\n**Deal Details:**\\n- Name: SW for AAA\\n- Amount: $23,000\\n- Contact: No contact\\n- Organization: AAA Enterprise\\n- Expected Close: Not set\\n- Created: 6/1/2025\\n- Deal ID: e460426d-2243-4a17-a1a5-d71fb82d4eee\\n\\nThe deal has been added to your pipeline and is ready for further customization.\"",\""reasoning\"":\""Using create_deal tool\""}""",2025-06-01 10:19:56.396817+00
caffd0cf-6c33-4e84-9eb5-89fc945027fc,1b591baa-937c-44d0-ab1a-60cd1a347689,tool_call,Successfully executed create_deal,"""{\""toolName\"":\""create_deal\"",\""parameters\"":{},\""result\"":\""Tool create_deal is not yet implemented in the web interface. Please use the Claude Desktop integration for full MCP functionality.\"",\""reasoning\"":\""Creating a basic deal with minimal information\""}""",2025-06-01 08:40:57.862148+00
cddc6382-b6e4-464f-a515-4ce058d9d973,e9271081-a6a4-4d4d-a87c-dbd1d2dc70ef,tool_call,Successfully executed create_deal,"""{\""toolName\"":\""create_deal\"",\""parameters\"":{},\""result\"":\""✅ Deal created successfully!\\n\\n**Deal Details:**\\n- Name: New Deal\\n- Amount: No amount\\n- Contact: No contact\\n- Organization: No organization\\n- Expected Close: Not set\\n- Created: 6/1/2025\\n- Deal ID: a132749a-2e3a-44ca-a132-a4f6d8aaa92d\\n\\nThe deal has been added to your pipeline and is ready for further customization.\"",\""reasoning\"":\""Creating new deal with specified name and amount\""}""",2025-06-01 08:47:19.463328+00
d3278c9e-ef2a-4699-bbb2-384db924b18a,ca141044-5834-4707-a9f2-2a415beb9b6f,reasoning,"1. User wants to know the total number of deals in their PipeCD system
2. We should use the search_deals tool without specific filters to get all deals
3. This will give us an overview of the total deal count
4. We might want to also use analyze_pipeline to provide additional context about the pipeline status","""{\""confidence\"":0.8,\""reasoning\"":\""AI reasoning process\""}""",2025-06-01 08:57:42.429558+00
d6c8fdac-1bcf-4968-adcf-fd5b73daab33,a45753dc-758c-4d99-98d2-3a73d531a928,tool_call,Successfully executed search_organizations,"""{\""toolName\"":\""search_organizations\"",\""parameters\"":{\""search_term\"":\""\""},\""result\"":\""Found 1 organizations\\n\\n• AAA Enterprise\\n  ID: 5b0b0d57-24f3-456d-8ae1-731f79fa2548 | Created: 6/1/2025\"",\""reasoning\"":\""Using search_organizations tool\""}""",2025-06-01 10:18:45.561625+00
d7c0feca-e1dc-4ba5-a402-beb65af40b29,eab5c0f9-af3e-40f1-a9ba-3c0684a4d716,reasoning,"1. I'll use the search_deals tool to get a general overview of all deals
2. Since no specific filters are requested, I'll keep the search broad
3. This will give us a total count of deals in the system","""{\""confidence\"":0.8,\""reasoning\"":\""AI reasoning process\""}""",2025-06-01 08:34:37.416492+00
daadf63a-a113-4f10-a781-53f8f99c1a02,4596b566-4f8c-4461-a118-1a16409a0802,reasoning,Processing user message and determining appropriate response.,"""{\""userMessage\"":\""hi\""}""",2025-06-01 08:11:51.056606+00
db05229d-fecb-4265-af3a-baba43e0b36e,549cc559-c247-4bc9-af5a-ba562215835d,reasoning,"1. User has provided the essential information needed to create a deal:
   - Deal name: ""ESR Consulting""
   - Amount: 19000
2. This appears to be a straightforward deal creation request
3. Will use the create_deal tool with these basic parameters
4. The amount seems to be in a reasonable range for a consulting deal","""{\""confidence\"":0.8,\""reasoning\"":\""AI reasoning process\""}""",2025-06-01 09:23:03.260917+00
dba2180f-ba54-4837-9ddf-44f9c583f65a,eab5c0f9-af3e-40f1-a9ba-3c0684a4d716,reasoning,"1. User wants to know about searching deals in PipeCD
2. We have the search_deals tool available
3. However, the request is very broad without specific search criteria
4. Should explain the capabilities and ask for more specific parameters
5. Need to clarify what kind of deals they're interested in","""{\""confidence\"":0.8,\""reasoning\"":\""AI reasoning process\""}""",2025-06-01 08:34:11.92082+00
e1a08cdc-85ab-4142-8da4-f256a5c7d50b,872a486b-2a57-452f-84bd-4aa7476edf90,reasoning,"1. User has provided the essential information needed to create a deal:
   - Deal name: ""ERB consulting""
   - Amount: 19000
2. This meets the minimum requirements for deal creation
3. While we could ask for more details like close date or contact, we have enough to proceed","""{\""confidence\"":0.8,\""reasoning\"":\""AI reasoning process\""}""",2025-06-01 09:53:00.779616+00
e8a59080-521b-45c0-b9b0-061e7cc956d7,e9271081-a6a4-4d4d-a87c-dbd1d2dc70ef,reasoning,"1. User wants to create a new deal
2. They provided:
   - Name: ""Dock42""
   - Amount: 18000
3. These are the minimum required parameters for deal creation
4. The request is clear and complete, no clarification needed","""{\""confidence\"":0.8,\""reasoning\"":\""AI reasoning process\""}""",2025-06-01 08:47:19.304601+00